corruption_level,method,seed_count,pass@1_mean,pass@1_std,pass@4_mean,pass@4_std,independent_accuracy_mean,independent_accuracy_std,observed_reward_mean,observed_reward_std,reward_hacking_gap_mean,reward_hacking_gap_std,false_positive_reward_rate_mean,false_positive_reward_rate_std,false_negative_rate_mean,false_negative_rate_std,verifier_disagreement_mean,verifier_disagreement_std,extraction_failure_rate_mean,extraction_failure_rate_std,training_observed_reward_mean,training_observed_reward_std,training_shaped_reward_mean,training_shaped_reward_std,training_independent_accuracy_mean,training_independent_accuracy_std,training_reward_variance_mean,training_reward_variance_std,truncation_rate_mean,truncation_rate_std,mean_generated_tokens_mean,mean_generated_tokens_std
0.0,base,3,0.0,0.0,0.0,0.0,0.0,0.0,0.0,0.0,0.0,0.0,0.0,0.0,,,0.0,0.0,0.4375,0.1875,,,,,,,,,0.4166666666666667,0.09547032697824666,155.20833333333334,4.348730657713046
0.0,baseline,3,0.0,0.0,0.0,0.0,0.0,0.0,0.0,0.0,0.0,0.0,0.0,0.0,,,0.0,0.0,0.4375,0.1875,0.0,0.0,0.0,0.0,0.0,0.0,0.0,0.0,0.4166666666666667,0.09547032697824666,155.20833333333334,4.348730657713046
0.0,robust,3,0.0,0.0,0.0,0.0,0.0,0.0,0.0,0.0,0.0,0.0,0.0,0.0,,,0.0,0.0,0.4375,0.1875,0.0,0.0,0.0,0.0,0.0,0.0,0.0,0.0,0.4166666666666667,0.09547032697824666,155.20833333333334,4.348730657713046
0.2,base,3,0.0,0.0,0.0,0.0,0.0,0.0,0.18055555555555555,0.031823442326082224,0.18055555555555555,0.031823442326082224,0.08333333333333333,0.03608439182435161,,,0.40740740740740744,0.06415002990995841,0.4375,0.1875,,,,,,,,,0.4166666666666667,0.09547032697824666,155.20833333333334,4.348730657713046
0.2,baseline,3,0.0,0.0,0.0,0.0,0.0,0.0,0.18055555555555555,0.031823442326082224,0.18055555555555555,0.031823442326082224,0.08333333333333333,0.03608439182435161,,,0.40740740740740744,0.06415002990995841,0.4375,0.1875,0.15277777777777776,0.10485881160098262,0.15277777777777776,0.10485881160098262,0.0,0.0,0.02951388888888889,0.01829106554314712,0.4166666666666667,0.09547032697824666,155.20833333333334,4.348730657713046
0.2,robust,3,0.0,0.0,0.0,0.0,0.0,0.0,0.1875,0.04166666666666667,0.1875,0.04166666666666667,0.08333333333333333,0.03608439182435161,,,0.425925925925926,0.08486251286955257,0.4375,0.1875,0.15277777777777776,0.10485881160098262,-0.0285493827160494,0.017410936731789374,0.0,0.0,0.02951388888888889,0.01829106554314712,0.4166666666666667,0.09547032697824666,155.20833333333334,4.348730657713046
0.4,base,3,0.0,0.0,0.0,0.0,0.0,0.0,0.40972222222222215,0.060140653040585995,0.40972222222222215,0.060140653040585995,0.25,0.0625,,,0.7222222222222223,0.0,0.4375,0.1875,,,,,,,,,0.4166666666666667,0.09547032697824666,155.20833333333334,4.348730657713046
0.4,baseline,3,0.0,0.0,0.0,0.0,0.0,0.0,0.40972222222222215,0.060140653040585995,0.40972222222222215,0.060140653040585995,0.22916666666666666,0.036084391824351615,,,0.7407407407407408,0.03207501495497923,0.4375,0.1875,0.3055555555555556,0.048112522432468836,0.3055555555555556,0.048112522432468836,0.0,0.0,0.04398148148148149,0.01445601388518149,0.4166666666666667,0.09547032697824666,155.20833333333334,4.348730657713046
0.4,robust,3,0.0,0.0,0.0,0.0,0.0,0.0,0.4166666666666667,0.07216878364870323,0.4166666666666667,0.07216878364870323,0.2708333333333333,0.07216878364870323,,,0.7222222222222223,0.0,0.4375,0.1875,0.3055555555555556,0.048112522432468836,-0.04969135802469138,0.008897244015678752,0.0,0.0,0.04398148148148149,0.01445601388518149,0.4166666666666667,0.09547032697824666,155.20833333333334,4.348730657713046
