corruption_level,method,seed,pass@1,pass@4,independent_accuracy,observed_reward,reward_hacking_gap,false_positive_reward_rate,false_negative_rate,verifier_disagreement,extraction_failure_rate
0.0,base,42,0.0,0.0,0.0,0.0,0.0,0.0,,0.0,0.625
0.0,base,123,0.0,0.0,0.0,0.0,0.0,0.0,,0.0,0.25
0.0,base,456,0.0,0.0,0.0,0.0,0.0,0.0,,0.0,0.4375
0.0,baseline,42,0.0,0.0,0.0,0.0,0.0,0.0,,0.0,0.625
0.0,baseline,123,0.0,0.0,0.0,0.0,0.0,0.0,,0.0,0.25
0.0,baseline,456,0.0,0.0,0.0,0.0,0.0,0.0,,0.0,0.4375
0.0,robust,42,0.0,0.0,0.0,0.0,0.0,0.0,,0.0,0.625
0.0,robust,123,0.0,0.0,0.0,0.0,0.0,0.0,,0.0,0.25
0.0,robust,456,0.0,0.0,0.0,0.0,0.0,0.0,,0.0,0.4375
0.2,base,42,0.0,0.0,0.0,0.14583333333333331,0.14583333333333331,0.0625,,0.33333333333333337,0.625
0.2,base,123,0.0,0.0,0.0,0.1875,0.1875,0.0625,,0.4444444444444445,0.25
0.2,base,456,0.0,0.0,0.0,0.20833333333333331,0.20833333333333331,0.125,,0.4444444444444445,0.4375
0.2,baseline,42,0.0,0.0,0.0,0.14583333333333331,0.14583333333333331,0.0625,,0.33333333333333337,0.625
0.2,baseline,123,0.0,0.0,0.0,0.1875,0.1875,0.0625,,0.4444444444444445,0.25
0.2,baseline,456,0.0,0.0,0.0,0.20833333333333331,0.20833333333333331,0.125,,0.4444444444444445,0.4375
0.2,robust,42,0.0,0.0,0.0,0.14583333333333331,0.14583333333333331,0.0625,,0.33333333333333337,0.625
0.2,robust,123,0.0,0.0,0.0,0.1875,0.1875,0.0625,,0.4444444444444445,0.25
0.2,robust,456,0.0,0.0,0.0,0.22916666666666666,0.22916666666666666,0.125,,0.5,0.4375
0.4,base,42,0.0,0.0,0.0,0.375,0.375,0.1875,,0.7222222222222223,0.625
0.4,base,123,0.0,0.0,0.0,0.375,0.375,0.3125,,0.7222222222222223,0.25
0.4,base,456,0.0,0.0,0.0,0.47916666666666663,0.47916666666666663,0.25,,0.7222222222222223,0.4375
0.4,baseline,42,0.0,0.0,0.0,0.375,0.375,0.1875,,0.7222222222222223,0.625
0.4,baseline,123,0.0,0.0,0.0,0.375,0.375,0.25,,0.7777777777777779,0.25
0.4,baseline,456,0.0,0.0,0.0,0.47916666666666663,0.47916666666666663,0.25,,0.7222222222222223,0.4375
0.4,robust,42,0.0,0.0,0.0,0.375,0.375,0.1875,,0.7222222222222223,0.625
0.4,robust,123,0.0,0.0,0.0,0.375,0.375,0.3125,,0.7222222222222223,0.25
0.4,robust,456,0.0,0.0,0.0,0.5,0.5,0.3125,,0.7222222222222223,0.4375
