seed,method,corruption_level,corruption_kind,execution_kind,experiment_label,evaluation_seconds,num_examples,num_generations,independent_accuracy,independent_verifier_accuracy,observed_reward,reward_coverage,paired_independent_accuracy,reward_hacking_gap,false_positive_reward_rate,false_negative_rate,reward_correctness_correlation,verifier_disagreement,confidence,pass@1,pass@4,answer_consistency,answer_diversity,extraction_failure_rate,mean_generated_tokens,truncation_rate,train_loss,training_steps,training_samples,training_suppressed,training_downweighted,training_missing,training_observed_reward,training_reward_variance,training_shaped_reward,training_disagreement,training_confidence,training_independent_accuracy,training_uncertainty_penalty
42,base,0.0,flip,training_sweep,preliminary_cpu_two_update_four_question_pilot,77.2444153999968,4,16,0.0,0.0,0.0,1.0,0.0,0.0,0.0,,,0.0,1.0,0.0,0.0,0.5,0.625,0.625,158.375,0.5,,,,,,,,,,,,,
42,baseline,0.0,flip,training_sweep,preliminary_cpu_two_update_four_question_pilot,107.47735010000179,4,16,0.0,0.0,0.0,1.0,0.0,0.0,0.0,,,0.0,1.0,0.0,0.0,0.5,0.625,0.625,158.375,0.5,0.0,2.0,8.0,0.0,0.0,0.0,0.0,0.0,0.0,0.0,1.0,0.0,0.0
42,robust,0.0,flip,training_sweep,preliminary_cpu_two_update_four_question_pilot,106.91119210000033,4,16,0.0,0.0,0.0,1.0,0.0,0.0,0.0,,,0.0,1.0,0.0,0.0,0.5,0.625,0.625,158.375,0.5,0.0,2.0,8.0,0.0,0.0,0.0,0.0,0.0,0.0,0.0,1.0,0.0,0.0
42,base,0.2,flip,training_sweep,preliminary_cpu_two_update_four_question_pilot,0.048115999990841374,4,16,0.0,0.0,0.14583333333333331,1.0,0.0,0.14583333333333331,0.0625,,,0.33333333333333337,0.6666666666666667,0.0,0.0,0.5,0.625,0.625,158.375,0.5,,,,,,,,,,,,,
42,baseline,0.2,flip,training_sweep,preliminary_cpu_two_update_four_question_pilot,112.68966969999019,4,16,0.0,0.0,0.14583333333333331,1.0,0.0,0.14583333333333331,0.0625,,,0.33333333333333337,0.6666666666666667,0.0,0.0,0.5,0.625,0.625,158.375,0.5,0.035815160954371095,2.0,8.0,0.0,0.0,0.0,0.24999999999999997,0.04861111111111112,0.24999999999999997,0.5555555555555556,0.4444444444444444,0.0,0.0
42,robust,0.2,flip,training_sweep,preliminary_cpu_two_update_four_question_pilot,110.11569289999898,4,16,0.0,0.0,0.14583333333333331,1.0,0.0,0.14583333333333331,0.0625,,,0.33333333333333337,0.6666666666666667,0.0,0.0,0.5,0.625,0.625,158.375,0.5,-0.007560977110794509,2.0,8.0,0.0,5.0,0.0,0.24999999999999997,0.04861111111111112,-0.041666666666666685,0.5555555555555556,0.4444444444444444,0.0,0.11111111111111113
42,base,0.4,flip,training_sweep,preliminary_cpu_two_update_four_question_pilot,0.04971950000617653,4,16,0.0,0.0,0.375,1.0,0.0,0.375,0.1875,,,0.7222222222222223,0.27777777777777773,0.0,0.0,0.5,0.625,0.625,158.375,0.5,,,,,,,,,,,,,
42,baseline,0.4,flip,training_sweep,preliminary_cpu_two_update_four_question_pilot,93.09059390000766,4,16,0.0,0.0,0.375,1.0,0.0,0.375,0.1875,,,0.7222222222222223,0.27777777777777773,0.0,0.0,0.5,0.625,0.625,158.375,0.5,-3.725290298461914e-09,2.0,8.0,0.0,0.0,0.0,0.33333333333333337,0.027777777777777762,0.33333333333333337,0.7777777777777779,0.22222222222222215,0.0,0.0
42,robust,0.4,flip,training_sweep,preliminary_cpu_two_update_four_question_pilot,96.65211379999528,4,16,0.0,0.0,0.375,1.0,0.0,0.375,0.1875,,,0.7222222222222223,0.27777777777777773,0.0,0.0,0.5,0.625,0.625,158.375,0.5,-9.313225746154785e-10,2.0,8.0,0.0,7.0,0.0,0.33333333333333337,0.027777777777777762,-0.05925925925925929,0.7777777777777779,0.22222222222222215,0.0,0.15555555555555559
123,base,0.0,flip,training_sweep,preliminary_cpu_two_update_four_question_pilot,91.22774349999963,4,16,0.0,0.0,0.0,1.0,0.0,0.0,0.0,,,0.0,1.0,0.0,0.0,0.125,0.875,0.25,157.0,0.3125,,,,,,,,,,,,,
123,baseline,0.0,flip,training_sweep,preliminary_cpu_two_update_four_question_pilot,116.72699649998685,4,16,0.0,0.0,0.0,1.0,0.0,0.0,0.0,,,0.0,1.0,0.0,0.0,0.125,0.875,0.25,157.0,0.3125,0.0,2.0,8.0,0.0,0.0,0.0,0.0,0.0,0.0,0.0,1.0,0.0,0.0
123,robust,0.0,flip,training_sweep,preliminary_cpu_two_update_four_question_pilot,121.90624280000338,4,16,0.0,0.0,0.0,1.0,0.0,0.0,0.0,,,0.0,1.0,0.0,0.0,0.125,0.875,0.25,157.0,0.3125,0.0,2.0,8.0,0.0,0.0,0.0,0.0,0.0,0.0,0.0,1.0,0.0,0.0
123,base,0.2,flip,training_sweep,preliminary_cpu_two_update_four_question_pilot,0.05268909997539595,4,16,0.0,0.0,0.1875,1.0,0.0,0.1875,0.0625,,,0.4444444444444445,0.5555555555555556,0.0,0.0,0.125,0.875,0.25,157.0,0.3125,,,,,,,,,,,,,
123,baseline,0.2,flip,training_sweep,preliminary_cpu_two_update_four_question_pilot,125.14744989998871,4,16,0.0,0.0,0.1875,1.0,0.0,0.1875,0.0625,,,0.4444444444444445,0.5555555555555556,0.0,0.0,0.125,0.875,0.25,157.0,0.3125,0.04042520001530647,2.0,8.0,0.0,0.0,0.0,0.041666666666666664,0.012152777777777776,0.041666666666666664,0.11111111111111112,0.8888888888888888,0.0,0.0
123,robust,0.2,flip,training_sweep,preliminary_cpu_two_update_four_question_pilot,130.89001810000627,4,16,0.0,0.0,0.1875,1.0,0.0,0.1875,0.0625,,,0.4444444444444445,0.5555555555555556,0.0,0.0,0.125,0.875,0.25,157.0,0.3125,-0.008534209802746773,2.0,8.0,0.0,1.0,0.0,0.041666666666666664,0.012152777777777776,-0.0087962962962963,0.11111111111111112,0.8888888888888888,0.0,0.022222222222222227
123,base,0.4,flip,training_sweep,preliminary_cpu_two_update_four_question_pilot,0.05253149999771267,4,16,0.0,0.0,0.375,1.0,0.0,0.375,0.3125,,,0.7222222222222223,0.27777777777777773,0.0,0.0,0.125,0.875,0.25,157.0,0.3125,,,,,,,,,,,,,
123,baseline,0.4,flip,training_sweep,preliminary_cpu_two_update_four_question_pilot,133.17115229999763,4,16,0.0,0.0,0.375,1.0,0.0,0.375,0.25,,,0.7777777777777779,0.22222222222222218,0.0,0.0,0.125,0.875,0.25,157.0,0.3125,0.11285229213535786,2.0,8.0,0.0,0.0,0.0,0.24999999999999997,0.04861111111111115,0.24999999999999997,0.5555555555555556,0.4444444444444445,0.0,0.0
123,robust,0.4,flip,training_sweep,preliminary_cpu_two_update_four_question_pilot,140.93901830000686,4,16,0.0,0.0,0.375,1.0,0.0,0.375,0.3125,,,0.7222222222222223,0.27777777777777773,0.0,0.0,0.125,0.875,0.25,157.0,0.3125,-0.01475199474953115,2.0,8.0,0.0,5.0,0.0,0.24999999999999997,0.04861111111111115,-0.04166666666666669,0.5555555555555556,0.4444444444444445,0.0,0.11111111111111113
456,base,0.0,flip,training_sweep,preliminary_cpu_two_update_four_question_pilot,109.62869420001516,4,16,0.0,0.0,0.0,1.0,0.0,0.0,0.0,,,0.0,1.0,0.0,0.0,0.25,0.8125,0.4375,150.25,0.4375,,,,,,,,,,,,,
456,baseline,0.0,flip,training_sweep,preliminary_cpu_two_update_four_question_pilot,136.32764589998988,4,16,0.0,0.0,0.0,1.0,0.0,0.0,0.0,,,0.0,1.0,0.0,0.0,0.25,0.8125,0.4375,150.25,0.4375,0.0,2.0,8.0,0.0,0.0,0.0,0.0,0.0,0.0,0.0,1.0,0.0,0.0
456,robust,0.0,flip,training_sweep,preliminary_cpu_two_update_four_question_pilot,135.37196659998153,4,16,0.0,0.0,0.0,1.0,0.0,0.0,0.0,,,0.0,1.0,0.0,0.0,0.25,0.8125,0.4375,150.25,0.4375,0.0,2.0,8.0,0.0,0.0,0.0,0.0,0.0,0.0,0.0,1.0,0.0,0.0
456,base,0.2,flip,training_sweep,preliminary_cpu_two_update_four_question_pilot,0.05291950001264922,4,16,0.0,0.0,0.20833333333333331,1.0,0.0,0.20833333333333331,0.125,,,0.4444444444444445,0.5555555555555556,0.0,0.0,0.25,0.8125,0.4375,150.25,0.4375,,,,,,,,,,,,,
456,baseline,0.2,flip,training_sweep,preliminary_cpu_two_update_four_question_pilot,134.89402740000514,4,16,0.0,0.0,0.20833333333333331,1.0,0.0,0.20833333333333331,0.125,,,0.4444444444444445,0.5555555555555556,0.0,0.0,0.25,0.8125,0.4375,150.25,0.4375,-0.009710932460924027,2.0,8.0,0.0,0.0,0.0,0.16666666666666666,0.027777777777777776,0.16666666666666666,0.4444444444444445,0.5555555555555556,0.0,0.0
456,robust,0.2,flip,training_sweep,preliminary_cpu_two_update_four_question_pilot,416.9689967999875,4,16,0.0,0.0,0.22916666666666666,1.0,0.0,0.22916666666666666,0.125,,,0.5,0.5,0.0,0.0,0.25,0.8125,0.4375,150.25,0.4375,0.0020500868558883667,2.0,8.0,0.0,4.0,0.0,0.16666666666666666,0.027777777777777776,-0.0351851851851852,0.4444444444444445,0.5555555555555556,0.0,0.0888888888888889
456,base,0.4,flip,training_sweep,preliminary_cpu_two_update_four_question_pilot,0.33398560000932775,4,16,0.0,0.0,0.47916666666666663,1.0,0.0,0.47916666666666663,0.25,,,0.7222222222222223,0.27777777777777773,0.0,0.0,0.25,0.8125,0.4375,150.25,0.4375,,,,,,,,,,,,,
456,baseline,0.4,flip,training_sweep,preliminary_cpu_two_update_four_question_pilot,794.513251299999,4,16,0.0,0.0,0.47916666666666663,1.0,0.0,0.47916666666666663,0.25,,,0.7222222222222223,0.27777777777777773,0.0,0.0,0.25,0.8125,0.4375,150.25,0.4375,-0.009710938980182049,2.0,8.0,0.0,0.0,0.0,0.3333333333333333,0.05555555555555555,0.3333333333333333,0.6666666666666667,0.33333333333333337,0.0,0.0
456,robust,0.4,flip,training_sweep,preliminary_cpu_two_update_four_question_pilot,807.0850216000108,4,16,0.0,0.0,0.5,1.0,0.0,0.5,0.3125,,,0.7222222222222223,0.27777777777777773,0.0,0.0,0.25,0.8125,0.4375,150.25,0.4375,-0.0005394938634708524,2.0,8.0,0.0,6.0,0.0,0.3333333333333333,0.05555555555555555,-0.04814814814814817,0.6666666666666667,0.33333333333333337,0.0,0.13333333333333336
